[
    {
        "code": "BUH",
        "time_zone_id": "Europe\/Bucharest",
        "name": "Bucharest Metropolitan Area",
        "city_code": "BUH",
        "country_id": "RO",
        "location": "POINT (26.103889 44.4325)",
        "elevation": "295",
        "url": "",
        "icao": "",
        "city": "Bucharest",
        "county": "",
        "state": ""
    },
    {
        "code": "BUE",
        "time_zone_id": "America\/Argentina\/Buenos_Aires",
        "name": "Buenos Aires Metropolitan Area",
        "city_code": "BUE",
        "country_id": "AR",
        "location": "POINT (-58.38 -34.6)",
        "elevation": "114",
        "url": "",
        "icao": "",
        "city": "",
        "county": "",
        "state": ""
    },
    {
        "code": "DTT",
        "time_zone_id": "America\/Detroit",
        "name": "Detroit Metropolitan Area",
        "city_code": "DTT",
        "country_id": "US",
        "location": "POINT (-83.05 42.333)",
        "elevation": "626",
        "url": "",
        "icao": "",
        "city": "Detroit",
        "county": "",
        "state": "Michigan"
    },
    {
        "code": "IZM",
        "time_zone_id": "Europe\/Istanbul",
        "name": "Izmir Metropolitan Area",
        "city_code": "IZM",
        "country_id": "TR",
        "location": "POINT (27.14 38.42)",
        "elevation": "36",
        "url": "",
        "icao": "",
        "city": "Izmir",
        "county": "",
        "state": ""
    },
    {
        "code": "YEA",
        "time_zone_id": "America\/Edmonton",
        "name": "Edmonton Metropolitan Area",
        "city_code": "YEA",
        "country_id": "CA",
        "location": "POINT (-113.553 53.533333)",
        "elevation": "2050",
        "url": "",
        "icao": "",
        "city": "",
        "county": "",
        "state": ""
    },
    {
        "code": "JKT",
        "time_zone_id": "Asia\/Jakarta",
        "name": "Jakarta Metropolitan Area",
        "city_code": "JKT",
        "country_id": "ID",
        "location": "POINT (106.816667 -6.2)",
        "elevation": "45",
        "url": "",
        "icao": "",
        "city": "Jakarta",
        "county": "",
        "state": ""
    },
    {
        "code": "LON",
        "time_zone_id": "Europe\/London",
        "name": "London Metropolitan Area",
        "city_code": "LON",
        "country_id": "GB",
        "location": "POINT (-0.11832 51.50939)",
        "elevation": "62",
        "url": "",
        "icao": "",
        "city": "London",
        "county": "",
        "state": ""
    },
    {
        "code": "MIL",
        "time_zone_id": "Europe\/Rome",
        "name": "Mailand Metropolitan Area",
        "city_code": "MIL",
        "country_id": "IT",
        "location": "POINT (9.186389 45.4625)",
        "elevation": "429",
        "url": "",
        "icao": "",
        "city": "Milan",
        "county": "",
        "state": ""
    },
    {
        "code": "YMQ",
        "time_zone_id": "America\/Montreal",
        "name": "Montreal Metropolitan Area",
        "city_code": "YMQ",
        "country_id": "CA",
        "location": "POINT (-73.5626 45.5077)",
        "elevation": "76",
        "url": "",
        "icao": "",
        "city": "Montreal",
        "county": "",
        "state": ""
    },
    {
        "code": "PAR",
        "time_zone_id": "Europe\/Paris",
        "name": "Paris Metropolitan Area",
        "city_code": "PAR",
        "country_id": "FR",
        "location": "POINT (2.351667 48.856667)",
        "elevation": "170",
        "url": "",
        "icao": "",
        "city": "",
        "county": "",
        "state": ""
    },
    {
        "code": "REK",
        "time_zone_id": "Atlantic\/Reykjavik",
        "name": "Reykjavik Metropolitan Area",
        "city_code": "REK",
        "country_id": "IS",
        "location": "POINT (-21.933333 64.13333299999)",
        "elevation": "26",
        "url": "",
        "icao": "",
        "city": "Reykjavik",
        "county": "",
        "state": ""
    },
    {
        "code": "RIO",
        "time_zone_id": "Brazil\/East",
        "name": "Rio de Janeiro Metropolitan Area",
        "city_code": "RIO",
        "country_id": "BR",
        "location": "POINT (-43.196389 -22.908333)",
        "elevation": "59",
        "url": "",
        "icao": "",
        "city": "Rio de Janeiro",
        "county": "",
        "state": ""
    },
    {
        "code": "ROM",
        "time_zone_id": "Europe\/Rome",
        "name": "Rome Metropolitan Area",
        "city_code": "ROM",
        "country_id": "IT",
        "location": "POINT (12.483333 41.883333)",
        "elevation": "147",
        "url": "",
        "icao": "",
        "city": "",
        "county": "",
        "state": ""
    },
    {
        "code": "SAO",
        "time_zone_id": "Brazil\/East",
        "name": "Sao Paulo Metropolitan Area",
        "city_code": "SAO",
        "country_id": "BR",
        "location": "POINT (-46.633333 -23.55)",
        "elevation": "2483",
        "url": "",
        "icao": "",
        "city": "",
        "county": "",
        "state": ""
    },
    {
        "code": "YTO",
        "time_zone_id": "America\/Toronto",
        "name": "Toronto Metropolitan Area",
        "city_code": "YTO",
        "country_id": "CA",
        "location": "POINT (-79.383087 43.66135)",
        "elevation": "325",
        "url": "",
        "icao": "",
        "city": "",
        "county": "",
        "state": ""
    },
    {
        "code": "STO",
        "time_zone_id": "Europe\/Stockholm",
        "name": "Stockholm Metropolitan Area",
        "city_code": "STO",
        "country_id": "SE",
        "location": "POINT (18.05 59.325)",
        "elevation": "19",
        "url": "",
        "icao": "",
        "city": "Stockholm",
        "county": "",
        "state": ""
    },
    {
        "code": "WAS",
        "time_zone_id": "America\/New_York",
        "name": "Washington D.C. Metropolitan Area",
        "city_code": "WAS",
        "country_id": "US",
        "location": "POINT (-77.036667 38.895)",
        "elevation": "19",
        "url": "",
        "icao": "",
        "city": "",
        "county": "",
        "state": ""
    },
    {
        "code": "TYO",
        "time_zone_id": "Asia\/Tokyo",
        "name": "Tokyo Metropolitan Area",
        "city_code": "TYO",
        "country_id": "JP",
        "location": "POINT (136.06 35.156111)",
        "elevation": "266",
        "url": "",
        "icao": "",
        "city": "",
        "county": "",
        "state": ""
    },
    {
        "code": "BAK",
        "time_zone_id": "Asia\/Baku",
        "name": "Baku Metropolitan Area",
        "city_code": "BAK",
        "country_id": "AZ",
        "location": "POINT (49.882222 40.395278)",
        "elevation": "36",
        "url": "",
        "icao": "",
        "city": "",
        "county": "",
        "state": ""
    },
    {
        "code": "BHZ",
        "time_zone_id": "America\/Sao_Paulo",
        "name": "Belo Horizonte Metropolitan Area",
        "city_code": "BHZ",
        "country_id": "BR",
        "location": "POINT (-43.933333 -19.916667)",
        "elevation": "2778",
        "url": "",
        "icao": "",
        "city": "Belo Horizonte",
        "county": "",
        "state": "Minas Gerais"
    },
    {
        "code": "BJS",
        "time_zone_id": "Asia\/Shanghai",
        "name": "Beijing Metropolitan Area",
        "city_code": "BJS",
        "country_id": "CN",
        "location": "POINT (116.383333 39.933333)",
        "elevation": "173",
        "url": "",
        "icao": "",
        "city": "Beijing",
        "county": "",
        "state": ""
    },
    {
        "code": "NYC",
        "time_zone_id": "America\/New_York",
        "name": "New York Metropolitan Area",
        "city_code": "NYC",
        "country_id": "US",
        "location": "POINT (-74.005833 40.712778)",
        "elevation": "91",
        "url": "",
        "icao": "",
        "city": "",
        "county": "",
        "state": ""
    },
    {
        "code": "OSA",
        "time_zone_id": "Asia\/Tokyo",
        "name": "Osaka Metropolitan Area",
        "city_code": "OSA",
        "country_id": "JP",
        "location": "POINT (135.502222 34.693889)",
        "elevation": "62",
        "url": "",
        "icao": "",
        "city": "Osaka",
        "county": "",
        "state": ""
    },
    {
        "code": "CMB",
        "time_zone_id": "Asia\/Colombo",
        "name": "Bandaranaike International Airport",
        "city_code": "CMB",
        "country_id": "LK",
        "location": "POINT (79.883996367229 7.17970025)",
        "elevation": "85",
        "url": "",
        "icao": "VCBI",
        "city": "Katunayake",
        "county": "",
        "state": ""
    },
    {
        "code": "SEL",
        "time_zone_id": "Asia\/Seoul",
        "name": "Seoul Metropolitan Area",
        "city_code": "SEL",
        "country_id": "KR",
        "location": "POINT (126.966667 37.566667)",
        "elevation": "167",
        "url": "",
        "icao": "",
        "city": "Seoul",
        "county": "",
        "state": ""
    },
    {
        "code": "NCP",
        "time_zone_id": "Asia\/Manila",
        "name": "Luzon Metropolitan Area",
        "city_code": "NCP",
        "country_id": "PH",
        "location": "POINT (121 16)",
        "elevation": "1325",
        "url": "",
        "icao": "",
        "city": "Digdig",
        "county": "Province of Nueva Ecija",
        "state": "Central Luzon"
    }
]